{"cameraMode":{"drawMode":0,"name":"Shaded","section":"Shading Mode"},"sceneLighting":true,"audioPlay":false,"sceneViewState":{"m_AlwaysRefresh":false,"showFog":true,"showSkybox":true,"showFlares":true,"showImageEffects":true,"showParticleSystems":true,"showVisualEffectGraphs":true,"m_FxEnabled":true},"in2DMode":false,"pivot":{"x":-0.8932210803031921,"y":0.1609019935131073,"z":-1.6747974157333375},"rotation":{"x":-0.0007654174114577472,"y":0.9832380414009094,"z":-0.18228331208229066,"w":-0.004128732718527317},"size":2.921332836151123,"orthographic":false}